year,city,dep_pm2.5,soc_total_population,soc_population_density,soc_median_household_income_usd,soc_poverty_rate_pct,soc_education_hs_degree_plus_pct,soc_education_bachelors_degree_plus_pct,soc_labor_force_participation_rate_pct,soc_unemployment_rate_pct,ind_manufacturing_establishments,ind_industrial_emissions_nox_tons,ind_industrial_emissions_so2_tons,ind_industrial_emissions_vocs_tons,trans_annual_vmt_million_miles,trans_traffic_density_index,env_annual_avg_temperature_c,env_annual_avg_wind_speed_m/s,env_annual_total_precipitation_mm,env_green_space_area_pct_of_city
2024,Atlanta-Sandy Springs-Rosswell GA,4.67,6389528,763.1,88120,7.55,86.35,58.15,7.68,4.29,5632.7,3014.18,2723.23,2933.86,100511.9,2.04,19.5,3.4,1295.0,15.2
2010,Atlanta-Sandy Springs-Roswell GA,9.29,5288302,631.4,53182,11.37,84.12,53.36,7.83,15.73,6000,5000,4500,4000,95000,1.95,18.1,3.4,1270.0,14.5
2011,Atlanta-Sandy Springs-Roswell GA,7.72,5365726,640.6,52639,12.78,83.76,53.39,7.89,15.23,5981.5,4918.43,4460.52,3985.67,95880.5,1.96,18.3,3.3,1305.0,14.5
2012,Atlanta-Sandy Springs-Roswell GA,7.08,5442113,649.7,54628,13.18,84.2,54.42,7.86,12.28,5937.2,4856.71,4389.11,3928.31,96711.2,1.97,18.5,3.5,1190.0,14.6
2013,Atlanta-Sandy Springs-Roswell GA,5.47,5524693,659.6,55733,11.98,84.54,54.21,7.9,11.96,5861.9,4612.02,4166.75,3799.19,97604.1,1.98,18.2,3.4,1250.0,14.6
2014,Atlanta-Sandy Springs-Roswell GA,7.73,5611829,670,56166,11.86,84.67,54.73,7.56,8.06,5853.3,4481.55,4130.4,3784.09,98402.6,1.99,18.4,3.5,1330.0,14.7
2015,Atlanta-Sandy Springs-Roswell GA,5.12,5709731,681.7,60219,10.74,84.9,55.28,7.81,6.58,5827.8,4389.92,3954.88,3779.91,99055.9,2.0,18.6,3.3,1260.0,14.7
2016,Atlanta-Sandy Springs-Roswell GA,5.18,5790210,691.3,62613,9.74,84.96,56.05,7.66,6.04,5784.1,4182.17,3774.24,3577.45,99912.4,2.02,18.8,3.4,1315.0,14.8
2017,Atlanta-Sandy Springs-Roswell GA,5.71,5882450,702.3,65381,8.81,85.76,56.28,7.39,5.28,5738.9,3976.01,3535.89,3424.38,100850.7,2.04,18.7,3.5,1240.0,14.8
2018,Atlanta-Sandy Springs-Roswell GA,4.98,5950828,710.5,69464,8.39,85.89,56.83,7.86,4.88,5705.4,3786.12,3364.57,3370.07,101567.3,2.05,18.9,3.4,1285.0,14.9
2019,Atlanta-Sandy Springs-Roswell GA,4.4,6018744,718.6,71742,7.49,85.94,57.26,7.34,4.94,5698.8,3670.93,3371.3,3421.11,102290.5,2.07,19.1,3.3,1340.0,14.9
2020,Atlanta-Sandy Springs-Roswell GA,3.98,6081857,726.1,74665,8.11,86.12,57.83,7.42,4.76,5669.7,3580.89,3134.12,3338.29,86940.1,1.76,19.0,3.5,1220.0,15.0
2021,Atlanta-Sandy Springs-Roswell GA,3.81,6144970,733.6,77589,8.76,86.29,58.4,7.39,4.57,5655.4,3421.75,2962.61,3177.12,93500.8,1.89,19.2,3.4,1275.0,15.0
2022,Atlanta-Sandy Springs-Roswell GA,4.02,6222908,742.9,84876,7.35,87.16,58.08,7.42,4.06,5669.9,3289.44,2930.56,3173.23,98012.3,1.99,19.4,3.3,1300.0,15.1
2023,Atlanta-Sandy Springs-Roswell GA,6.23,6305839,752.8,86505,7.75,86.22,57.97,7.75,4.52,5653.6,3124.6,2831.05,3029.74,99580.4,2.02,19.3,3.5,1235.0,15.1
2024,Atlanta-Sandy Springs-Roswell GA,4.67,6389528,763.1,88120,7.55,86.35,58.15,7.68,4.29,5632.7,3014.18,2723.23,2933.86,100511.9,2.04,19.5,3.4,1295.0,15.2
2025,Atlanta-Sandy Springs-Roswell GA,4.68,6474000,773.5,89750,7.35,86.48,58.33,7.61,4.06,5605.9,2901.44,2604.38,2841.01,101340.2,2.05,19.6,3.3,1325.0,15.2
2010,Chicago-Naperville-Elgin IL-IN-WI,6.49,9474211,1105.1,57104,10.02,82.77,51.54,7.85,12.11,18000,15000,13000,12000,120000,2.6,10.2,4.8,910.0,12.1
2011,Chicago-Naperville-Elgin IL-IN-WI,4.77,9504024,1108.5,57267,11.12,82.68,51.71,7.79,13.23,17865.2,14821.57,12607.75,11933.09,120150.8,2.61,10.4,4.9,935.0,12.1
2012,Chicago-Naperville-Elgin IL-IN-WI,5.01,9522446,1110.7,59261,11.1,83.22,52.6,7.61,13.32,17684,14349.88,12502.59,11849.63,120390.4,2.62,10.6,4.7,850.0,12.2
2013,Chicago-Naperville-Elgin IL-IN-WI,4.88,9537040,1112.4,60564,10.84,83.42,52.86,7.33,12.21,17505.7,13774.96,11930.01,11370.39,120560.9,2.62,10.3,4.8,920.0,12.2
2014,Chicago-Naperville-Elgin IL-IN-WI,6.43,9553810,1114.4,61598,10.45,83.76,53.53,7.23,9.57,17387.8,13162.77,11466.62,11028.18,121025.3,2.63,10.5,4.9,960.0,12.3
2015,Chicago-Naperville-Elgin IL-IN-WI,6.66,9550108,1113.9,63153,10,84.2,53.78,7.02,9.15,17311.2,12684.04,11394.01,10984.72,121377.6,2.64,10.7,4.7,900.0,12.3
2016,Chicago-Naperville-Elgin IL-IN-WI,4.76,9512968,1109.6,66020,9.28,84.45,54.86,6.89,7.6,17178.6,12239.38,10901.03,10515.22,121901.1,2.65,10.9,4.8,945.0,12.4
2017,Chicago-Naperville-Elgin IL-IN-WI,4.45,9533895,1112,68403,8.6,84.53,54.81,7.03,7.69,17094,11681.82,10650.04,10188.48,122345.5,2.66,10.8,4.9,880.0,12.4
2018,Chicago-Naperville-Elgin IL-IN-WI,5.52,9497790,1107.8,70760,8.15,84.75,54.78,6.91,7.21,16955.7,11345.91,10117.2,9679.52,122905.7,2.68,11.0,4.7,925.0,12.5
2019,Chicago-Naperville-Elgin IL-IN-WI,5.54,9457867,1103.2,75379,7.28,85.14,55.35,6.81,6.07,16781.3,10793.84,9720.03,9429.35,123411.0,2.69,11.2,4.8,970.0,12.5
2020,Chicago-Naperville-Elgin IL-IN-WI,5.31,9484129,1106.2,76772,7.83,85.21,55.63,6.81,6.78,16757.2,10531.02,9638.19,9394.01,104899.4,2.28,11.1,4.9,865.0,12.6
2021,Chicago-Naperville-Elgin IL-IN-WI,5.69,9510390,1109.3,78166,8.38,85.28,55.93,6.81,7.49,16568.1,9964.88,9448.33,9019.82,113002.1,2.45,11.3,4.7,915.0,12.6
2022,Chicago-Naperville-Elgin IL-IN-WI,6.11,9442159,1101.3,82914,8.12,85.26,56.33,6.83,4.51,16472.5,9588.6,9163.47,8803.95,119055.8,2.58,11.5,4.8,940.0,12.7
2023,Chicago-Naperville-Elgin IL-IN-WI,7.56,9262559,1080.4,87071,7.92,85.13,55.7,6.69,5.09,16264.4,9231.95,8693.3,8656.77,120412.3,2.61,11.4,4.9,875.0,12.7
2024,Chicago-Naperville-Elgin IL-IN-WI,4.65,9352359,1090.9,89021,7.73,85.19,55.9,6.76,4.8,16194.2,8978.71,8485.67,8398.05,121400.9,2.64,11.6,4.7,930.0,12.8
2025,Chicago-Naperville-Elgin IL-IN-WI,4.62,9308760,1085.8,90984,7.55,85.16,55.95,6.72,4.65,16039.4,8575.58,8224.27,8238.13,122010.5,2.65,11.7,4.8,955.0,12.8
2010,Dallas-Fort Worth-Arlington TX,3.01,6402922,690,54449,11.16,80.96,51.38,7.89,11.83,10000,8000,7500,7000,105000,1.8,20.0,3.8,850.0,11.5
2011,Dallas-Fort Worth-Arlington TX,3.2,6526566,703.3,55546,12.23,81.05,51.92,8.04,10.92,9901.3,7717.39,7371.42,6847.78,106500.9,1.82,20.2,3.7,875.0,11.5
2012,Dallas-Fort Worth-Arlington TX,3.11,6647496,716.3,56954,11.78,81.32,52.47,7.75,10.37,9766.4,7465.84,7200.04,6682.02,108010.4,1.85,20.4,3.9,790.0,11.6
2013,Dallas-Fort Worth-Arlington TX,3.07,6812373,734.1,57398,11.54,81.69,53.06,7.63,9.62,9667.6,7129.58,6871.39,6347.01,109555.7,1.88,20.1,3.8,830.0,11.6
2014,Dallas-Fort Worth-Arlington TX,2.97,6954003,749.4,59530,11.61,81.47,52.25,7.55,8.31,9626,6891.89,6732.12,6319.34,111302.5,1.91,20.3,3.9,900.0,11.7
2015,Dallas-Fort Worth-Arlington TX,3.61,7102165,765.3,61644,10.2,81.69,52.79,7.45,5.93,9513.7,6541.49,6340.68,6052.41,113110.8,1.94,20.5,3.7,840.0,11.7
2016,Dallas-Fort Worth-Arlington TX,3.22,7232599,779.4,63812,9.58,81.98,53.36,7.47,5.88,9429.4,6395.21,6078.69,5983.56,115004.9,1.98,20.7,3.8,885.0,11.8
2017,Dallas-Fort Worth-Arlington TX,3.32,7400479,797.5,67382,8.38,82.51,54.31,7.58,6.67,9357.6,6096.53,5880.83,5794.7,117099.1,2.01,20.6,3.9,820.0,11.8
2018,Dallas-Fort Worth-Arlington TX,3.4,7540371,812.6,69445,8.23,83.07,54.36,7.63,5.6,9298.6,5842.17,5640.8,5623.71,119312.3,2.05,20.8,3.7,865.0,11.9
2019,Dallas-Fort Worth-Arlington TX,4.13,7573136,816.1,72265,7.66,83.51,54.9,7.73,4.83,9227.8,5746.54,5571.21,5536.08,121501.7,2.09,21.0,3.8,910.0,11.9
2020,Dallas-Fort Worth-Arlington TX,5.05,7666376,826.2,74020,7.91,83.68,55.38,7.63,5.22,9179.9,5497.66,5415.54,5412.33,103276.4,1.78,20.9,3.9,810.0,12.0
2021,Dallas-Fort Worth-Arlington TX,2.62,7759615,836.2,75975,8.37,83.85,55.85,7.47,5.01,9132,5232.09,5170.81,5188.39,111005.6,1.91,21.1,3.7,855.0,12.0
2022,Dallas-Fort Worth-Arlington TX,4.33,7943685,856,82823,7.54,84.39,56.15,7.63,4.11,9097.6,5010.51,4957.56,4980.7,118507.9,2.04,21.3,3.8,890.0,12.1
2023,Dallas-Fort Worth-Arlington TX,6.16,8100037,872.9,86860,7.25,84.44,56.89,7.5,5.95,9046.2,4760.18,4672.63,4781.16,121010.3,2.08,21.2,3.9,825.0,12.1
2024,Dallas-Fort Worth-Arlington TX,5.47,8253022,889.4,88842,7.1,84.58,57.04,7.56,5.47,9043.6,4628.23,4540.08,4771.69,122505.7,2.1,21.4,3.7,880.0,12.2
2025,Dallas-Fort Worth-Arlington TX,4.82,8407489,906,90835,6.95,84.72,57.2,7.53,4.98,8993.4,4497.55,4319.45,4569.1,124000.2,2.13,21.5,3.8,905.0,12.2
2010,Detroit-Warren-Dearborn MI,5.85,4296250,918.4,48234,14.38,83.52,47.18,7.42,13.87,12000,11000,9000,8500,80000,1.75,9.8,4.2,835.0,11.8
2011,Detroit-Warren-Dearborn MI,5.12,4276694,914.2,48891,14.89,83.71,47.65,7.29,14.23,11942.3,10738.91,8955.57,8304.58,79555.5,1.74,10.0,4.3,860.0,11.8
2012,Detroit-Warren-Dearborn MI,5.38,4263801,911.4,49628,14.52,83.95,48.25,7.18,13.84,11855.9,10486.27,8584.58,8061.05,79310.2,1.73,10.2,4.1,790.0,11.9
2013,Detroit-Warren-Dearborn MI,5.22,4248913,908.2,50145,14.31,84.12,48.72,7.08,13.12,11760.3,10156.4,8289.44,7953.53,79100.1,1.73,9.9,4.2,825.0,11.9
2014,Detroit-Warren-Dearborn MI,5.64,4231891,904.6,50892,14.15,84.35,49.28,6.98,11.85,11667.5,9673.7,8011.69,7690.66,79505.9,1.74,10.1,4.3,870.0,12.0
2015,Detroit-Warren-Dearborn MI,4.87,4217820,901.6,51734,13.72,84.52,49.74,6.89,10.98,11651.9,9407.51,7759.54,7363.5,79800.4,1.75,10.3,4.1,815.0,12.0
2016,Detroit-Warren-Dearborn MI,4.52,4200486,897.9,52685,13.28,84.73,50.34,6.82,10.32,11545.9,9231.54,7490.96,7070.36,80150.3,1.76,10.5,4.2,855.0,12.1
2017,Detroit-Warren-Dearborn MI,4.88,4181674,893.9,53842,12.74,84.89,50.82,6.75,9.87,11438.4,8794.79,7316.32,6932.95,80500.1,1.76,10.4,4.3,795.0,12.1
2018,Detroit-Warren-Dearborn MI,5.35,4164928,890.3,54873,12.38,85.12,51.45,6.69,9.24,11357.6,8578.87,6988.35,6682.9,80905.7,1.77,10.6,4.1,840.0,12.2
2019,Detroit-Warren-Dearborn MI,4.96,4147781,886.6,55924,11.85,85.28,51.92,6.64,8.76,11255.4,8185.34,6708.97,6435.53,81200.2,1.78,10.8,4.2,895.0,12.2
2020,Detroit-Warren-Dearborn MI,5.22,4130659,882.9,56876,12.18,85.41,52.28,6.58,9.35,11171.1,7917.41,6571.93,6234.33,68910.8,1.51,10.7,4.3,810.0,12.3
2021,Detroit-Warren-Dearborn MI,4.78,4113548,879.2,58125,12.52,85.56,52.72,6.53,8.92,11066,7638.16,6339.67,5970.61,74011.6,1.62,10.9,4.1,855.0,12.3
2022,Detroit-Warren-Dearborn MI,5.14,4095321,875.3,60342,11.94,85.73,53.24,6.49,7.85,10935.1,7329.8,6108.62,5698.81,77905.4,1.7,11.1,4.2,880.0,12.4
2023,Detroit-Warren-Dearborn MI,6.82,4076842,871.4,61784,11.68,85.87,53.59,6.46,7.42,10878,7155.62,5835.61,5476.35,78800.1,1.72,11.0,4.3,825.0,12.4
2024,Detroit-Warren-Dearborn MI,4.89,4058129,867.4,62945,11.45,85.98,53.85,6.43,7.18,10803.5,6943.49,5723.15,5351.48,79350.5,1.73,11.2,4.1,870.0,12.5
2025,Detroit-Warren-Dearborn MI,4.95,4039185,863.4,64112,11.22,86.09,54.12,6.4,6.95,10705.4,6697.58,5456.98,5164.09,79805.8,1.75,11.3,4.2,895.0,12.5
2010,Houston-The Woodlands-Sugar Land TX,3.62,5977092,593.9,53942,13.19,77.49,48.11,8.14,8.23,11000,9500,8000,7500,100000,1.85,21.3,3.5,1300.0,10.9
2011,Houston-The Woodlands-Sugar Land TX,3.85,6086895,604.9,54901,14.05,77.81,48.5,7.93,9.69,10903.6,9266.33,7880.86,7454.43,101700.7,1.88,21.5,3.6,1330.0,10.9
2012,Houston-The Woodlands-Sugar Land TX,3.76,6204161,616.6,55910,12.98,77.94,48.91,7.73,9.87,10787.9,8902.93,7670.35,7209.68,103550.9,1.91,21.7,3.4,1240.0,11.0
2013,Houston-The Woodlands-Sugar Land TX,4.31,6313158,627.4,57366,13.23,78.75,49.74,7.68,10.95,10701.8,8559.39,7287.1,6953.11,105490.5,1.95,21.4,3.5,1280.0,11.0
2014,Houston-The Woodlands-Sugar Land TX,4.25,6490180,644.9,60072,12.18,78.65,50.06,7.38,7.26,10659.5,8202.69,7074.07,6783.56,107510.3,1.99,21.6,3.6,1360.0,11.1
2015,Houston-The Woodlands-Sugar Land TX,4.0,6656946,661.6,61465,12.01,79.03,50.27,7.62,7.49,10594.3,7900.56,6975.32,6746.85,109605.6,2.03,21.8,3.4,1290.0,11.1
2016,Houston-The Woodlands-Sugar Land TX,2.84,6772470,673,61708,12.03,79.75,50.82,7.65,5.92,10484.7,7588.64,6645.16,6373.18,111800.2,2.07,22.0,3.5,1345.0,11.2
2017,Houston-The Woodlands-Sugar Land TX,3.06,6892427,684.9,63802,11.13,80.21,51.63,7.48,6.69,10459.1,7334.84,6556.88,6304.83,114055.8,2.11,21.9,3.6,1270.0,11.2
2018,Houston-The Woodlands-Sugar Land TX,3.06,6997384,695.4,65394,11.41,80.09,51.73,7.46,7.32,10350.2,6989.17,6249.78,6024.12,116412.3,2.15,22.1,3.4,1315.0,11.3
2019,Houston-The Woodlands-Sugar Land TX,3.28,7066140,702.2,69193,10.15,81.01,51.91,7.39,5.58,10317,6682.47,6051.48,5827.45,118805.5,2.2,22.3,3.5,1380.0,11.3
2020,Houston-The Woodlands-Sugar Land TX,4.29,7136462,709.2,69893,10.7,80.63,51.59,7.45,6.05,10229.6,6348.91,5794.75,5588.4,101004.7,1.87,22.2,3.6,1250.0,11.4
2021,Houston-The Woodlands-Sugar Land TX,3.45,7206841,716.2,70893,11.25,80.25,51.27,7.5,5.11,10188.7,6052.88,5553.79,5286.99,108502.9,2.01,22.4,3.4,1305.0,11.4
2022,Houston-The Woodlands-Sugar Land TX,4.19,7340118,729.4,74863,11.73,81.13,52.38,7.6,6.06,10100.9,5790.35,5379.79,5170.89,116100.3,2.15,22.6,3.5,1330.0,11.5
2023,Houston-The Woodlands-Sugar Land TX,4.47,7510252,746.4,79463,10.96,81.31,52.52,7.75,5.38,10018.9,5605.51,5144.97,4939.06,118501.6,2.19,22.5,3.6,1265.0,11.5
2024,Houston-The Woodlands-Sugar Land TX,4.04,7625238,757.8,81163,10.73,81.46,52.68,7.69,5.21,9969.8,5345.22,4882.35,4728.45,120100.8,2.22,22.7,3.4,1320.0,11.6
2025,Houston-The Woodlands-Sugar Land TX,5.11,7741245,769.3,82876,10.51,81.61,52.84,7.72,5.05,9877.1,5171.99,4739.04,4589.67,121705.5,2.25,22.8,3.5,1350.0,11.6
2010,Los Angeles-Long Beach-Anaheim CA,4.26,13095370,2699.6,57834,13.92,74.68,50.18,7.41,10.87,25000,18000,16000,15000,150000,3.1,18.3,2.8,350.0,15.5
2011,Los Angeles-Long Beach-Anaheim CA,4.93,13113401,2703.3,58352,13.81,75.06,50.25,7.38,10.52,24891.8,17714.28,15779.67,14865.25,150302.7,3.11,18.5,2.9,380.0,15.5
2012,Los Angeles-Long Beach-Anaheim CA,4.44,13131431,2707.1,58869,13.69,75.43,50.33,7.36,10.18,24729.1,17325.21,15525.99,14555.07,150555.2,3.12,18.7,2.7,300.0,15.6
2013,Los Angeles-Long Beach-Anaheim CA,5.89,13131431,2707.1,58869,13.69,74.9,50.33,7.36,9.65,24590.8,16631.52,14845.02,13998.66,150912.1,3.13,18.4,2.8,340.0,15.6
2014,Los Angeles-Long Beach-Anaheim CA,6.95,13262220,2734.1,60514,13.34,75.43,50.69,7.14,8.4,24403.4,16187.35,14502.5,13593.59,151105.8,3.13,18.6,2.9,410.0,15.7
2015,Los Angeles-Long Beach-Anaheim CA,5.07,13340068,2750.1,62544,11.66,75.85,50.96,7,6.89,24329.5,15541.36,13989.1,13220.67,151500.4,3.14,18.8,2.7,330.0,15.7
2016,Los Angeles-Long Beach-Anaheim CA,4.35,13310447,2744,65950,11.18,76.15,51.57,6.83,7.02,24192.4,15190.64,13470.19,12745.29,151805.9,3.15,19.0,2.8,375.0,15.8
2017,Los Angeles-Long Beach-Anaheim CA,5.11,13353907,2753,69992,10.45,76.8,52.33,6.59,5.94,24037.1,14631.06,13210.45,12502.66,152112.3,3.16,18.9,2.9,310.0,15.8
2018,Los Angeles-Long Beach-Anaheim CA,5.45,13291486,2740.1,72563,9.7,77.1,52.71,6.49,6.04,23933.1,14167.31,12687.97,11993.44,152402.6,3.16,19.1,2.7,355.0,15.9
2019,Los Angeles-Long Beach-Anaheim CA,2.93,13214799,2724.3,77774,8.91,77.27,52.75,6.39,5.2,23749.9,13488.76,12270.22,11666.86,152705.1,3.17,19.3,2.8,420.0,15.9
2020,Los Angeles-Long Beach-Anaheim CA,7.01,13006051,2681.3,80139,9.39,77.47,52.69,6.35,5.78,23741.5,13010.47,11964.79,11440.06,129799.4,2.69,19.2,2.9,320.0,16.0
2021,Los Angeles-Long Beach-Anaheim CA,5.36,12997353,2679.5,82503,9.81,77.68,52.62,6.32,5.36,23565,12391.89,11516.29,10931.25,139502.5,2.89,19.4,2.7,365.0,16.0
2022,Los Angeles-Long Beach-Anaheim CA,5.09,12872322,2653.7,87743,9.36,77.61,52.82,6.39,4.89,23393.1,11961.53,10992.83,10519.8,147055.3,3.05,19.6,2.8,390.0,16.1
2023,Los Angeles-Long Beach-Anaheim CA,3.65,12799100,2638.6,91960,9.05,78.18,53.6,6.35,5.63,23295.4,11516.48,10656.77,10091.95,148805.1,3.08,19.5,2.9,335.0,16.1
2024,Los Angeles-Long Beach-Anaheim CA,5.17,12835711,2646.1,94352,8.87,78.39,53.78,6.38,5.44,23199.1,11187.94,10355.88,9690.09,149800.7,3.1,19.7,2.7,380.0,16.2
2025,Los Angeles-Long Beach-Anaheim CA,8.33,12872651,2653.7,96751,8.7,78.6,53.96,6.37,5.26,23087.6,10825.84,9897.46,9442.18,150605.9,3.12,19.8,2.8,405.0,16.2
2010,Minneapolis-St Paul-Bloomington MN-WI,5.87,3286195,414.97,62352,7.1,89.28,59.29,7.29,14.44,5200,4100,3600,3300,72000,1.82,6.5,4.1,785.0,17.5
2011,Minneapolis-St Paul-Bloomington MN-WI,4.75,3318486,419.05,63352,7.23,88.81,59.65,7.08,10.98,5178.3,4025.89,3572.45,3245.67,72505.8,1.83,6.7,4.2,810.0,17.5
2012,Minneapolis-St Paul-Bloomington MN-WI,5.05,3353724,423.5,66282,7.38,89.4,60.66,7.1,10.83,5145.6,3942.16,3538.92,3189.34,73010.4,1.85,6.9,4.0,740.0,17.6
2013,Minneapolis-St Paul-Bloomington MN-WI,5.01,3459146,436.81,67194,6.66,89.13,59.93,6.95,8.97,5089.2,3841.85,3489.67,3125.89,73555.7,1.86,6.6,4.1,780.0,17.6
2014,Minneapolis-St Paul-Bloomington MN-WI,5.59,3495176,441.36,69111,6.71,89.27,60.72,6.99,7.67,5045.8,3728.54,3425.41,3048.56,74105.3,1.88,6.8,4.2,830.0,17.7
2015,Minneapolis-St Paul-Bloomington MN-WI,5.25,3524583,445.07,71008,5.85,89.13,60.75,6.69,7.29,5012.3,3605.23,3371.15,2989.23,74650.8,1.89,7.0,4.0,770.0,17.7
2016,Minneapolis-St Paul-Bloomington MN-WI,3.96,3551036,448.41,73231,4.99,89.41,61.44,6.72,7.38,4985.7,3512.96,3298.89,2915.9,75205.9,1.91,7.2,4.1,815.0,17.8
2017,Minneapolis-St Paul-Bloomington MN-WI,4.06,3600618,454.68,76856,5.19,89.16,61.28,6.69,8.04,4946.3,3408.25,3239.14,2856.67,75805.2,1.92,7.1,4.2,750.0,17.8
2018,Minneapolis-St Paul-Bloomington MN-WI,4.59,3629190,458.28,79578,5.04,89.71,62.56,6.61,4.66,4912.9,3315.68,3164.89,2783.44,76405.1,1.94,7.3,4.0,795.0,17.9
2019,Minneapolis-St Paul-Bloomington MN-WI,4.31,3640043,459.65,83698,4.73,90.03,62.56,6.63,7.72,4889.6,3198.47,3102.56,2724.21,77000.7,1.95,7.5,4.1,860.0,17.9
2020,Minneapolis-St Paul-Bloomington MN-WI,3.89,3665278,463.84,85566,5.02,90.12,62.98,6.6,8.19,4856.2,3089.34,3015.67,2645.89,65450.1,1.66,7.4,4.2,780.0,18.0
2021,Minneapolis-St Paul-Bloomington MN-WI,3.67,3690512,466.03,87433,4.78,90.04,63.41,6.57,7.63,4832.5,2968.75,2936.89,2589.45,70305.6,1.78,7.6,4.0,825.0,18.0
2022,Minneapolis-St Paul-Bloomington MN-WI,4.71,3693729,466.43,91341,5.4,89.53,63.09,6.63,5.12,4809.3,2856.12,2845.34,2521.78,74050.4,1.88,7.8,4.1,850.0,18.1
2023,Minneapolis-St Paul-Bloomington MN-WI,6.95,3712020,468.74,95102,4.76,89.73,63.63,6.73,5.96,4785.6,2751.89,2768.45,2465.23,75305.8,1.91,7.7,4.2,795.0,18.1
2024,Minneapolis-St Paul-Bloomington MN-WI,3.92,3730850,471.12,97132,4.68,89.83,63.82,6.7,5.77,4762.1,2645.34,2689.76,2406.89,76100.2,1.93,7.9,4.0,840.0,18.2
2025,Minneapolis-St Paul-Bloomington MN-WI,3.22,3749324,473.49,99171,4.61,89.93,64.01,6.72,5.58,4738.9,2541.67,2615.89,2351.45,76805.5,1.95,8.0,4.1,865.0,18.2
2010,New York-Newark-Jersey City NY-NJ-PA,4.51,18919983,1414.6,61927,10.82,80.37,49.68,7.27,8.39,30000,22000,19000,17000,180000,3.8,12.5,4.0,1150.0,10.5
2011,New York-Newark-Jersey City NY-NJ-PA,5.19,19015900,1421.8,62322,11.41,80.35,49.74,7.08,9.42,29761.6,21568.04,18815.19,16742.66,180350.2,3.81,12.7,4.1,1175.0,10.5
2012,New York-Newark-Jersey City NY-NJ-PA,4.56,19160024,1432.5,63982,11.79,80.38,50.64,6.88,9.02,29555.2,21017.91,18059.08,16480.12,180590.7,3.82,12.9,3.9,1090.0,10.6
2013,New York-Newark-Jersey City NY-NJ-PA,4.29,19949502,1491.6,65786,11.35,80.88,51.27,6.79,8.33,29399.7,20172.03,17466.9,16124.96,180801.3,3.82,12.6,4.0,1130.0,10.6
2014,New York-Newark-Jersey City NY-NJ-PA,3.85,20092883,1502.3,67066,11.41,81.19,51.58,6.67,7.07,29241.6,19483.69,16885.55,15740.92,181105.9,3.83,12.8,4.1,1200.0,10.7
2015,New York-Newark-Jersey City NY-NJ-PA,3.58,20182305,1509,68743,10.97,81.23,51.68,6.49,6.41,29082.9,18659.45,16524.31,15267.59,181312.4,3.84,13.0,3.9,1140.0,10.7
2016,New York-Newark-Jersey City NY-NJ-PA,2.39,20153634,1506.8,71897,10.21,81.46,52.31,6.47,6.02,28965.8,17937.15,15967.66,14731.39,181500.6,3.84,13.2,4.0,1185.0,10.8
2017,New York-Newark-Jersey City NY-NJ-PA,3.22,20320876,1519.3,75368,9.66,81.86,52.61,6.38,5.55,28766.1,17300.9,15428.16,14236.46,181805.5,3.85,13.1,4.1,1110.0,10.8
2018,New York-Newark-Jersey City NY-NJ-PA,3.49,19979477,1493.8,78478,9.43,82.16,53.48,6.25,5.03,28537.4,16639.11,14890.35,13689.92,182001.2,3.86,13.3,3.9,1155.0,10.9
2019,New York-Newark-Jersey City NY-NJ-PA,3.19,19216182,1436.7,83160,8.35,82.28,53.66,6.19,5.24,28434.9,16139.75,14515.22,13364.5,182205.7,3.86,13.5,4.0,1220.0,10.9
2020,New York-Newark-Jersey City NY-NJ-PA,3.04,19492320,1457.1,83785,8.97,82.45,54.3,6.21,5.59,28286,15456.9,13862.92,12741.01,154877.8,3.28,13.4,4.1,1100.0,11.0
2021,New York-Newark-Jersey City NY-NJ-PA,2.78,19768458,1478,84409,9.6,82.63,54.93,6.23,5.94,28178.6,14800.7,13264.93,12239.54,166305.1,3.52,13.6,3.9,1145.0,11.0
2022,New York-Newark-Jersey City NY-NJ-PA,3.13,19617869,1466.8,91562,9.39,82.22,54.54,6.07,4.58,28069.9,14172.93,12920.89,11762.62,175500.8,3.72,13.8,4.0,1170.0,11.1
2023,New York-Newark-Jersey City NY-NJ-PA,5.53,19498249,1457.8,95220,9.6,82.59,55.36,6.2,5.75,27926.1,13615.42,12361.34,11307.72,177605.9,3.76,13.7,4.1,1105.0,11.1
2024,New York-Newark-Jersey City NY-NJ-PA,3.15,19558059,1462.3,97391,9.53,82.69,55.56,6.21,5.65,27771.6,13166.72,12109.91,10878.89,178602.4,3.78,13.9,3.9,1160.0,11.2
2025,New York-Newark-Jersey City NY-NJ-PA,2.4,19618154,1466.8,99571,9.46,82.79,55.76,6.22,5.55,27658.9,12693.89,11660.1,10534.69,179505.7,3.8,14.0,4.0,1190.0,11.2
2010,Philadelphia-Camden-Wilmington PA-NJ-DE-MD,6.1,5971483,1024,58095,9.05,84.2,47.5,7.82,12.64,9500,7800,6900,6400,98000,2.15,13.5,3.6,1050.0,13.2
2011,Philadelphia-Camden-Wilmington PA-NJ-DE-MD,5.05,5992414,1027.6,58322,9.49,84.71,48.22,7.69,11.87,9463.5,7645.89,6834.56,6309.34,98505.7,2.16,13.7,3.7,1080.0,13.2
2012,Philadelphia-Camden-Wilmington PA-NJ-DE-MD,5.45,6018800,1032.1,60105,9.28,84.87,48.81,7.48,11.34,9421.8,7482.34,6759.23,6212.45,99010.4,2.17,13.9,3.5,990.0,13.3
2013,Philadelphia-Camden-Wilmington PA-NJ-DE-MD,5.03,6034678,1034.8,60482,9.32,85.26,49.09,7.08,11.21,9368.2,7298.76,6671.89,6108.67,99555.9,2.18,13.6,3.6,1030.0,13.3
2014,Philadelphia-Camden-Wilmington PA-NJ-DE-MD,4.27,6051170,1037.7,62171,9.29,85.3,49.65,6.97,9.82,9323.5,7095.23,6572.34,6001.23,100105.2,2.19,13.8,3.7,1100.0,13.4
2015,Philadelphia-Camden-Wilmington PA-NJ-DE-MD,3.84,6069875,1040.9,65123,9.26,85.66,50.51,6.96,8.19,9289.7,6912.67,6489.45,5912.78,100650.6,2.2,14.0,3.5,1040.0,13.4
2016,Philadelphia-Camden-Wilmington PA-NJ-DE-MD,3.14,6070500,1041,65996,8.72,85.76,50.78,6.88,7.84,9245.6,6701.34,6389.67,5798.89,101205.8,2.22,14.2,3.6,1085.0,13.5
2017,Philadelphia-Camden-Wilmington PA-NJ-DE-MD,3.23,6096120,1045.4,68572,8.17,86.43,51.39,7.02,6.61,9189.3,6523.45,6301.23,5712.56,101805.3,2.23,14.1,3.7,1010.0,13.5
2018,Philadelphia-Camden-Wilmington PA-NJ-DE-MD,3.97,6096372,1045.4,70747,8.28,86.34,51.7,6.69,6.58,9145.8,6312.89,6189.78,5601.34,102405.7,2.24,14.3,3.5,1055.0,13.6
2019,Philadelphia-Camden-Wilmington PA-NJ-DE-MD,3.32,6102434,1046.4,74533,8.13,86.48,52.87,6.64,6.65,9098.2,6123.56,6101.45,5512.67,103000.2,2.26,14.5,3.6,1120.0,13.6
2020,Philadelphia-Camden-Wilmington PA-NJ-DE-MD,4.12,6165518,1057.2,76770,8.52,86.63,53.62,6.58,7.01,9067.5,5912.34,5989.23,5401.45,87555.2,1.92,14.4,3.7,1000.0,13.7
2021,Philadelphia-Camden-Wilmington PA-NJ-DE-MD,3.66,6228601,1068.1,80007,8.91,86.79,54.77,6.5,7.03,9023.4,5734.67,5889.56,5312.89,93802.7,2.06,14.6,3.5,1045.0,13.7
2022,Philadelphia-Camden-Wilmington PA-NJ-DE-MD,3.97,6241164,1070.2,84123,7.97,87.02,54.45,6.57,6.58,8989.6,5589.45,5778.34,5201.23,99005.4,2.17,14.8,3.6,1070.0,13.8
2023,Philadelphia-Camden-Wilmington PA-NJ-DE-MD,6.78,6246160,1071.1,86867,8.17,87.17,54.79,6.79,5.8,8945.3,5423.78,5689.67,5112.45,100505.9,2.2,14.7,3.7,1005.0,13.8
2024,Philadelphia-Camden-Wilmington PA-NJ-DE-MD,3.02,6254382,1072.5,88789,8.05,87.28,54.96,6.75,5.65,8912.7,5289.23,5589.34,5001.67,101300.7,2.22,14.9,3.5,1060.0,13.9
2025,Philadelphia-Camden-Wilmington PA-NJ-DE-MD,3.09,6262749,1073.9,90722,7.93,87.39,55.13,6.77,5.5,8879.5,5156.89,5495.78,4912.34,102005.5,2.24,15.0,3.6,1090.0,13.9
2010,Phoenix-Mesa-Scottsdale AZ,2.8,4211213,288.6,50385,11.88,83.38,51.04,7.83,12.19,5000,4000,3500,3000,75000,1.6,23.5,2.5,200.0,8.1
2011,Phoenix-Mesa-Scottsdale AZ,4.99,4263236,292.1,50058,12.96,83.69,52.65,7.64,12.45,4960.9,3948.86,3474.39,2956.73,75905.8,1.62,23.7,2.6,225.0,8.1
2012,Phoenix-Mesa-Scottsdale AZ,5.28,4329534,296.7,51359,12.74,83.31,52.51,7.26,11.35,4916.3,3753.07,3302.4,2853.64,76700.3,1.64,23.9,2.4,180.0,8.2
2013,Phoenix-Mesa-Scottsdale AZ,4.41,4398762,301.4,51847,13,83.72,52.28,7.35,8.08,4885.6,3616.14,3160.77,2745.89,77605.9,1.66,23.6,2.5,210.0,8.2
2014,Phoenix-Mesa-Scottsdale AZ,3.69,4489109,307.6,53365,12.41,83.74,52.12,7.33,7.84,4856.2,3510.96,3039.26,2687.21,78401.4,1.68,23.8,2.6,250.0,8.3
2015,Phoenix-Mesa-Scottsdale AZ,3.02,4574531,313.5,55547,11.69,83.59,52.51,7.34,7.96,4817,3419.1,2903.04,2641.59,79105.7,1.69,24.0,2.4,200.0,8.3
2016,Phoenix-Mesa-Scottsdale AZ,4.91,4661537,319.4,58075,11,84.02,53.65,7.11,8.73,4771.3,3269.46,2793.84,2569.1,79800.2,1.71,24.2,2.5,235.0,8.4
2017,Phoenix-Mesa-Scottsdale AZ,5.19,4737270,324.6,61506,9.46,84.24,53.24,7.2,8.81,4739,3141.6,2687.97,2494.46,80612.3,1.72,24.1,2.6,190.0,8.4
2018,Phoenix-Mesa-Scottsdale AZ,5.65,4857962,332.9,64427,8.71,84.81,54.52,6.98,5.91,4693.4,2976.22,2549.99,2399.78,81405.5,1.74,24.3,2.4,230.0,8.5
2019,Phoenix-Mesa-Scottsdale AZ,3.69,4948203,339.1,67896,8.5,84.83,54.24,6.91,7.42,4657.4,2858.75,2517.41,2375.45,82200.9,1.76,24.5,2.5,260.0,8.5
2020,Phoenix-Mesa-Scottsdale AZ,5.52,4997174,342.4,70314,8.17,85.32,54.56,7,6.78,4633.2,2748.97,2403.02,2330.41,69850.1,1.49,24.4,2.6,195.0,8.6
2021,Phoenix-Mesa-Scottsdale AZ,4.19,4946145,338.9,75731,7.85,85.82,55.88,6.84,5.13,4598.6,2638.31,2309.84,2207.26,75105.7,1.61,24.6,2.4,240.0,8.6
2022,Phoenix-Mesa-Scottsdale AZ,4.81,5015678,343.7,82884,7.84,85.95,55.57,6.74,5.48,4562.9,2558.05,2211.33,2119.55,79001.2,1.69,24.8,2.5,265.0,8.7
2023,Phoenix-Mesa-Scottsdale AZ,4.51,5070110,347.4,85700,7.37,86.1,55.46,6.81,4.31,4537.4,2443.91,2136.21,2089.47,80500.5,1.72,24.7,2.6,205.0,8.7
2024,Phoenix-Mesa-Scottsdale AZ,5.46,5112896,350.3,87792,7.21,86.21,55.58,6.79,4.19,4511.2,2343.37,2057.29,1995.83,81505.8,1.74,24.9,2.4,250.0,8.8
2025,Phoenix-Mesa-Scottsdale AZ,6.16,5155984,353.3,89897,7.05,86.32,55.7,6.82,4.07,4498.4,2289.45,1980.7,1956.12,82400.3,1.76,25.0,2.5,275.0,8.8
2010,Pittsburgh PA,5.97,2356381,433.2,46700,8.39,88.17,46.02,6.98,10.3,3800,2900,2400,2200,58000,1.68,9.2,3.8,950.0,14.8
2011,Pittsburgh PA,5.35,2359746,433.8,48854,8.96,88.67,46.7,6.67,10.18,3785.6,2845.23,2378.91,2167.34,58505.9,1.69,9.4,3.9,975.0,14.8
2012,Pittsburgh PA,5.12,2360733,434,50489,8.55,88.68,47.82,6.6,8.52,3769.8,2781.45,2349.67,2129.45,59010.2,1.7,9.6,3.7,890.0,14.9
2013,Pittsburgh PA,4.99,2360867,434,51291,8.5,88.94,48.79,6.3,9.8,3748.9,2705.89,2308.23,2084.67,59555.8,1.72,9.3,3.8,930.0,14.9
2014,Pittsburgh PA,4.99,2355968,433.1,52293,8.74,89.66,48.95,6.19,7.19,3723.5,2618.34,2254.89,2031.56,60105.5,1.73,9.5,3.9,1000.0,15.0
2015,Pittsburgh PA,4.39,2353045,432.5,54080,8.14,89.28,49.69,6.14,9.1,3701.2,2545.67,2212.45,1989.78,60650.3,1.75,9.7,3.7,920.0,15.0
2016,Pittsburgh PA,4.3,2342299,430.6,56063,7.38,89.74,51.15,6.19,6.94,3689.4,2456.89,2156.78,1929.34,61205.1,1.76,9.9,3.8,965.0,15.1
2017,Pittsburgh PA,4.58,2333367,428.9,58521,7.26,89.76,51.85,6.07,8.68,3665.7,2389.45,2112.67,1889.67,61805.6,1.78,9.8,3.9,895.0,15.1
2018,Pittsburgh PA,4.81,2324743,427.3,59710,6.65,90.54,52.49,5.89,5.5,3648.2,2312.34,2056.89,1834.78,62405.2,1.79,10.0,3.7,940.0,15.2
2019,Pittsburgh PA,4.19,2317600,426,62638,7.01,90.2,52.99,5.67,6.19,3623.5,2245.67,2012.45,1789.56,63000.5,1.81,10.2,3.8,1010.0,15.2
2020,Pittsburgh PA,4.1,2335569,429.3,64624,7.12,90.38,53.76,5.78,6.42,3601.8,2167.89,1956.78,1729.34,53550.4,1.54,10.1,3.9,920.0,15.3
2021,Pittsburgh PA,3.7,2353538,432.6,66609,7.49,90.55,54.54,5.88,3.64,3589.7,2101.23,1912.34,1689.45,57505.8,1.65,10.3,3.7,965.0,15.3
2022,Pittsburgh PA,4.76,2349172,431.8,70607,6.86,90.92,54.22,5.87,5.7,3567.4,2023.45,1856.67,1634.89,60502.6,1.74,10.5,3.8,990.0,15.4
2023,Pittsburgh PA,6.17,2422725,445.4,72532,7.56,90.9,54.32,6.05,4.45,3542.1,1956.89,1812.45,1589.78,61305.9,1.76,10.4,3.9,925.0,15.4
2024,Pittsburgh PA,3.34,2398148,441,74229,7.42,90.96,54.48,6,4.28,3528.6,1889.67,1756.34,1534.56,61800.2,1.78,10.6,3.7,980.0,15.5
2025,Pittsburgh PA,3.38,2373864,436.5,75938,7.28,91.02,54.64,6.02,4.12,3514.8,1825.89,1705.67,1483.45,62305.7,1.8,10.7,3.8,1005.0,15.5
2010,San Diego-Carlsbad CA,3.73,3105989,738.6,59923,10.85,80.69,55.53,7.82,9.74,3500,2500,1800,1700,60000,1.7,17.8,2.7,280.0,16.5
2011,San Diego-Carlsbad CA,4.37,3140069,746.7,59477,11.04,80.29,55.2,7.8,11.03,3450.9,2425.46,1779.67,1668.62,60350.2,1.71,18.0,2.8,310.0,16.5
2012,San Diego-Carlsbad CA,4.64,3177063,755.5,60330,11.48,81.5,56.79,7.53,10.34,3436.6,2333.14,1716.29,1652.79,60590.7,1.72,18.2,2.6,230.0,16.6
2013,San Diego-Carlsbad CA,4.12,3211252,763.6,61426,11.26,80.99,55.57,7.3,9.11,3405,2237.96,1647.41,1586.32,60801.3,1.72,17.9,2.7,270.0,16.6
2014,San Diego-Carlsbad CA,3.76,3263431,776,66192,10.67,81.95,57.81,7.04,7.19,3363.3,2126.96,1555.22,1540.35,61105.9,1.73,18.1,2.8,340.0,16.7
2015,San Diego-Carlsbad CA,3.72,3299521,784.6,67320,9.8,81.66,57.19,6.76,8.16,3352,2026.04,1515.65,1468.99,61312.4,1.74,18.3,2.6,260.0,16.7
2016,San Diego-Carlsbad CA,3.54,3317749,788.9,70824,8.35,81.7,57.43,6.7,6.27,3329.1,1957.57,1447.11,1427.5,61500.6,1.74,18.5,2.7,305.0,16.8
2017,San Diego-Carlsbad CA,4.13,3337685,793.6,76207,8.04,82.65,58.47,6.7,6.63,3313.2,1890.87,1399.78,1370.09,61805.5,1.75,18.4,2.8,240.0,16.8
2018,San Diego-Carlsbad CA,5.21,3343364,795,79079,7.53,82.16,57.52,6.42,5.12,3293.7,1804.81,1332.18,1312.44,62001.2,1.76,18.6,2.6,285.0,16.9
2019,San Diego-Carlsbad CA,4.55,3338330,793.8,83985,6.81,82.98,58.5,6.64,5.94,3269.4,1704.97,1289.03,1288.79,62205.7,1.76,18.8,2.7,350.0,16.9
2020,San Diego-Carlsbad CA,5.95,3312230,787.6,87484,7.3,82.88,58.54,6.59,6.27,3262.8,1620.08,1248.88,1258.91,52874.8,1.5,18.7,2.8,250.0,17.0
2021,San Diego-Carlsbad CA,4,3286069,781.4,91003,7.33,83.06,58.59,6.53,6.6,3243.6,1551.49,1185.34,1202.97,56800.1,1.61,18.9,2.6,295.0,17.0
2022,San Diego-Carlsbad CA,5.69,3276208,779,98928,7.34,83.93,59.39,6.39,4.6,3230.1,1486.35,1151.27,1157.07,59890.3,1.7,19.1,2.7,320.0,17.1
2023,San Diego-Carlsbad CA,6.22,3269973,777.5,103674,6.69,83.28,59.63,6.66,7.68,3206.2,1416.71,1093.58,1118.91,61005.9,1.73,19.0,2.8,245.0,17.1
2024,San Diego-Carlsbad CA,5.61,3273121,778.3,106301,6.58,83.42,59.78,6.65,7.22,3177.5,1352.09,1065.11,1072.08,61601.4,1.75,19.2,2.6,300.0,17.2
2025,San Diego-Carlsbad CA,2.64,3276384,779.1,108945,6.47,83.56,59.93,6.67,6.77,3148.9,1292,1033.47,1051.87,62105.7,1.76,19.3,2.7,330.0,17.2
2010,San Francisco-Oakland-Hayward CA,4.82,4335391,1152.8,72456,9.35,81.24,56.89,6.92,9.87,9000,7000,6000,5500,70000,2.9,14.5,3.0,550.0,18.1
2011,San Francisco-Oakland-Hayward CA,5.28,4385621,1166.2,74523,9.18,81.56,57.34,6.85,10.34,8962.1,6808.23,5941.57,5399.1,70302.7,2.91,14.7,3.1,580.0,18.1
2012,San Francisco-Oakland-Hayward CA,4.95,4436182,1179.7,76892,9.02,81.89,57.82,6.78,9.95,8937.7,6604.89,5667.75,5286.12,70555.2,2.92,14.9,2.9,500.0,18.2
2013,San Francisco-Oakland-Hayward CA,5.14,4487563,1193.3,79184,8.85,82.23,58.31,6.71,9.54,8887.6,6324.9,5539.14,5109.81,70912.1,2.93,14.6,3.0,540.0,18.2
2014,San Francisco-Oakland-Hayward CA,6.18,4539872,1207.2,81896,8.68,82.58,58.82,6.64,8.92,8803.9,6020.91,5302.95,4967.89,71105.8,2.94,14.8,3.1,610.0,18.3
2015,San Francisco-Oakland-Hayward CA,5.73,4593145,1221.3,84735,8.42,82.94,59.35,6.57,8.45,8748.1,5794.7,5114.77,4760.59,71500.4,2.95,15.0,2.9,530.0,18.3
2016,San Francisco-Oakland-Hayward CA,4.96,4647482,1235.8,88124,8.16,83.31,59.91,6.5,7.98,8698.8,5523.01,4899.78,4603.22,71805.9,2.96,15.2,3.0,575.0,18.4
2017,San Francisco-Oakland-Hayward CA,5.42,4702995,1250.6,92145,7.89,83.69,60.49,6.43,7.52,8655.2,5379.8,4789.92,4479.13,72112.3,2.98,15.1,3.1,510.0,18.4
2018,San Francisco-Oakland-Hayward CA,5.89,4759704,1265.7,96583,7.62,84.08,61.09,6.36,7.06,8583.5,5156.4,4650.04,4300.91,72402.6,2.99,15.3,2.9,555.0,18.5
2019,San Francisco-Oakland-Hayward CA,5.31,4817628,1281.1,101534,7.35,84.48,61.71,6.29,6.61,8529.6,4901.83,4451.99,4164.88,72705.1,3.0,15.5,3.0,620.0,18.5
2020,San Francisco-Oakland-Hayward CA,6.24,4876795,1296.9,104215,7.58,84.72,62.13,6.24,7.08,8491.7,4728.45,4311.9,4025.79,61799.3,2.55,15.4,3.1,520.0,18.6
2021,San Francisco-Oakland-Hayward CA,5.78,4937226,1313.1,107342,7.81,84.96,62.58,6.29,6.84,8430.7,4521.14,4115.19,3884.22,66400.8,2.74,15.6,2.9,565.0,18.6
2022,San Francisco-Oakland-Hayward CA,5.45,4998952,1329.5,112879,7.58,85.21,63.05,6.35,6.38,8345.8,4355.27,3928.01,3787.95,70005.4,2.89,15.8,3.0,590.0,18.7
2023,San Francisco-Oakland-Hayward CA,6.89,5062003,1346.3,118420,7.47,85.46,63.54,6.38,6.15,8285.5,4177.3,3789.04,3645.19,71400.9,2.95,15.7,3.1,525.0,18.7
2024,San Francisco-Oakland-Hayward CA,5.62,5126412,1363.4,121435,7.38,85.63,63.82,6.41,5.98,8215.1,3999.04,3699.25,3577.67,72005.5,2.97,15.9,2.9,580.0,18.8
2025,San Francisco-Oakland-Hayward CA,4.95,5192198,1380.9,124469,7.29,85.8,64.1,6.44,5.82,8150.3,3825.21,3576.88,3450.4,72500.1,2.99,16.0,3.0,605.0,18.8
2010,Seattle-Tacoma-Bellevue WA,2.34,3449059,539.4,63088,7.85,87.29,58.59,6.66,11.15,7000,5500,5000,4500,85000,1.85,11.5,3.1,980.0,19.0
2011,Seattle-Tacoma-Bellevue WA,2.19,3500026,547.4,64085,7.83,87.52,58.61,6.47,12.94,6954.9,5312.91,4964.33,4392.17,86005.1,1.87,11.7,3.2,1010.0,19.0
2012,Seattle-Tacoma-Bellevue WA,2.7,3552157,555.6,65677,7.82,87.76,59.22,6.31,10.34,6911.7,5110.15,4836.75,4340.09,87010.4,1.89,11.9,3.0,920.0,19.1
2013,Seattle-Tacoma-Bellevue WA,2.93,3610105,564.6,67479,8.36,87.5,60.3,6.13,9.49,6833,4892.2,4589.66,4196.55,88055.7,1.91,11.6,3.1,960.0,19.1
2014,Seattle-Tacoma-Bellevue WA,2.42,3671478,574.2,71273,7.16,87.65,60.59,6.01,7.85,6766.4,4662.09,4369.87,4026.04,89112.3,1.93,11.8,3.2,1030.0,19.2
2015,Seattle-Tacoma-Bellevue WA,2.77,3733580,583.9,75331,6.57,88.03,61.09,5.95,7.5,6732.1,4460.03,4256.4,3859.18,90150.8,1.96,12.0,3.0,950.0,19.2
2016,Seattle-Tacoma-Bellevue WA,2.12,3798902,594.2,78612,6.32,87.33,61.28,5.79,7.78,6678.9,4256.09,4030.14,3753.89,91205.9,1.98,12.2,3.1,995.0,19.3
2017,Seattle-Tacoma-Bellevue WA,2.81,3867046,604.8,82133,5.65,88.12,61.86,5.78,8.34,6603.8,4097.35,3890.11,3579.03,92300.2,2.0,12.1,3.2,930.0,19.3
2018,Seattle-Tacoma-Bellevue WA,2.24,3939363,616.1,87910,5.38,88.29,62.71,5.5,6.88,6533.9,3948.11,3717.2,3440.4,93405.1,2.02,12.3,3.0,975.0,19.4
2019,Seattle-Tacoma-Bellevue WA,2.14,3979845,622.5,94027,4.73,87.92,62.34,5.48,5.92,6512.1,3731.87,3587.16,3355.21,94500.7,2.05,12.5,3.1,1040.0,19.4
2020,Seattle-Tacoma-Bellevue WA,2.35,3995552,625,96474,5.11,88.29,63.13,5.62,6.14,6460.9,3551.98,3384.99,3229.45,80311.2,1.74,12.4,3.2,910.0,19.5
2021,Seattle-Tacoma-Bellevue WA,1.52,4011553,627.4,101721,5.44,88.67,63.92,5.62,5.23,6419,3377.01,3269.87,3145.19,86305.6,1.87,12.6,3.0,985.0,19.5
2022,Seattle-Tacoma-Bellevue WA,2.39,4034248,631,106909,5.53,87.91,62.97,5.54,5.53,6377.1,3241.16,3114.59,3017.55,91050.1,1.98,12.8,3.1,1000.0,19.6
2023,Seattle-Tacoma-Bellevue WA,2.71,4044837,632.6,110744,5.72,88.21,63.91,5.62,5.45,6340.5,3088.1,2962.01,2893.42,92805.5,2.01,12.7,3.2,945.0,19.6
2024,Seattle-Tacoma-Bellevue WA,2.23,4060159,634.6,113327,5.66,88.36,64.08,5.61,5.34,6298.5,2961.02,2844.75,2746.54,93700.8,2.03,12.9,3.0,990.0,19.7
2025,Seattle-Tacoma-Bellevue WA,3.7,4075728,636.7,115926,5.6,88.51,64.25,5.63,5.23,6228.6,2814.99,2739.01,2687.97,94505.9,2.05,13.0,3.1,1020.0,19.7
2010,Washington-Arlington-Alexandria DC-VA-MD-WV,3.84,5636232,1264.5,78934,7.42,86.73,62.45,6.85,7.95,4000,3000,2500,2000,110000,2.3,14.8,3.7,1100.0,15.8
2011,Washington-Arlington-Alexandria DC-VA-MD-WV,4.21,5698351,1278.4,80245,7.35,86.89,62.78,6.79,8.23,3985.9,2941.52,2489.1,1970.21,110505.9,2.31,15.0,3.8,1130.0,15.8
2012,Washington-Arlington-Alexandria DC-VA-MD-WV,3.97,5761482,1292.6,81672,7.28,87.06,63.12,6.73,7.87,3960.5,2853.64,2399.78,1935.25,111001.4,2.32,15.2,3.6,1040.0,15.9
2013,Washington-Arlington-Alexandria DC-VA-MD-WV,4.35,5825637,1306.9,83218,7.21,87.24,63.47,6.67,7.52,3942.1,2739.11,2301.44,1878.89,111505.7,2.33,14.9,3.7,1080.0,15.9
2014,Washington-Arlington-Alexandria DC-VA-MD-WV,3.92,5890824,1321.5,84893,7.14,87.42,63.84,6.61,7.18,3910.4,2641.4,2211.3,1831.05,112000.2,2.34,15.1,3.8,1150.0,16.0
2015,Washington-Arlington-Alexandria DC-VA-MD-WV,4.28,5957052,1336.4,86701,7.07,87.61,64.22,6.55,6.85,3882.2,2539.01,2136.21,1796.88,112505.5,2.35,15.3,3.6,1070.0,16.0
2016,Washington-Arlington-Alexandria DC-VA-MD-WV,3.76,6024329,1351.5,88649,6.99,87.81,64.62,6.49,6.53,3870.5,2464.38,2026.04,1730.29,113000.1,2.36,15.5,3.7,1115.0,16.1
2017,Washington-Arlington-Alexandria DC-VA-MD-WV,4.12,6092674,1366.8,90743,6.92,88.02,65.04,6.43,6.22,3835.6,2343.37,1979.91,1685.51,113505.9,2.37,15.4,3.8,1050.0,16.1
2018,Washington-Arlington-Alexandria DC-VA-MD-WV,3.89,6162098,1382.4,92989,6.84,88.24,65.47,6.37,5.91,3817.1,2237.96,1890.87,1630.56,114001.2,2.38,15.6,3.6,1095.0,16.2
2019,Washington-Arlington-Alexandria DC-VA-MD-WV,3.64,6232619,1398.2,95394,6.77,88.47,65.92,6.31,5.61,3799.2,2166.75,1852.17,1596.08,114505.6,2.39,15.8,3.7,1160.0,16.2
2020,Washington-Arlington-Alexandria DC-VA-MD-WV,4.05,6304257,1414.2,97346,6.89,88.61,66.24,6.28,5.92,3779.6,2067.89,1789.44,1532.18,97329.8,2.03,15.7,3.8,1030.0,16.3
2021,Washington-Arlington-Alexandria DC-VA-MD-WV,3.72,6377027,1430.6,99732,7.02,88.76,66.58,6.32,5.74,3753.8,1980.7,1729.04,1468.99,104605.1,2.19,15.9,3.6,1075.0,16.3
2022,Washington-Arlington-Alexandria DC-VA-MD-WV,3.98,6450949,1447.1,103458,6.88,88.91,66.94,6.27,5.38,3732.1,1892.45,1661.16,1434.91,110200.4,2.3,16.1,3.7,1100.0,16.4
2023,Washington-Arlington-Alexandria DC-VA-MD-WV,4.42,6526042,1464,107342,6.81,89.07,67.31,6.31,5.21,3711.2,1804.09,1586.32,1377.94,112005.8,2.34,16.0,3.8,1045.0,16.4
2024,Washington-Arlington-Alexandria DC-VA-MD-WV,3.65,6602327,1481.1,109781,6.75,89.18,67.52,6.29,5.08,3699.2,1750.04,1515.65,1352.09,113001.1,2.36,16.2,3.6,1090.0,16.5
2025,Washington-Arlington-Alexandria DC-VA-MD-WV,3.28,6679824,1498.5,112237,6.69,89.29,67.73,6.32,4.95,3681.3,1695.54,1458.75,1315.65,113905.5,2.38,16.3,3.7,1120.0,16.5